"0","# --- 1. CONFIGURATION ET CHARGEMENT ---"
"0","library(tidyverse)"
"0","library(gtsummary)"
"0","library(flextable)"
"0","library(officer)"
"0",""
"0","# Lecture des données"
"0","df <- read_csv2(""data_odonto_all.csv"", locale = locale(encoding = ""Latin1""))"
"0",""
"0","# --- 2. CRÉATION DES VARIABLES ---"
"0","df_analyse <- df %>%"
"0","  mutate("
"0","    # Variables Binaires"
"0","    CG_conform = case_when(CG_X == ""A"" & CG_Y == ""B"" ~ 1, TRUE ~ 0),"
"0","    Homme = case_when(str_detect(gender, regex(""^Male$"", ignore_case = TRUE)) ~ 1,"
"0","                      str_detect(gender, regex(""Female"", ignore_case = TRUE)) ~ 0, TRUE ~ NA_real_),"
"0","    un_sup_lic = (study_parent1 == "">BAC3"" | study_parent2 == "">BAC3""),"
"0","    parent1_supBAC = study_parent1 %in% c(""BAC1-3"", "">BAC3""),"
"0","    parent2_supBAC = study_parent2 %in% c(""BAC1-3"", "">BAC3""),"
"0","    deux_supBAC = (parent1_supBAC & parent2_supBAC),"
"0","    mention_TB = (mention_bac == ""TB""),"
"0","    mention_TBB = (mention_bac %in% c(""TB"", ""B"")),"
"0","    "
"0","    # Variables Continues"
"0","    Score_JSE = {"
"0","      i_inv <- paste0(""J"", c(1, 3, 6, 7, 8, 11, 12, 14, 18, 19))"
"0","      i_norm <- paste0(""J"", c(2, 4, 5, 9, 10, 13, 15, 16, 17, 20))"
"0","      d_temp <- select(., all_of(c(i_inv, i_norm))) %>% mutate(across(everything(), as.numeric))"
"0","      rowSums(8 - d_temp[i_inv], na.rm = TRUE) + rowSums(d_temp[i_norm], na.rm = TRUE)"
"0","    },"
"0","    PT = rowSums(select(., paste0(""J"", c(2,4,5,9,10,13,15,16,17,20))) %>% mutate(across(everything(), as.numeric)), na.rm=TRUE),"
"0","    CC = {"
"0","       q_bin <- select(., c(starts_with(""cc_Q11""), starts_with(""cc_Q17""), ""cc_Q13"", ""cc_Q14b"", ""cc_Q14c"", ""cc_Q14d"", ""cc_Q14e""))"
"0","       q_val <- select(., c(""cc_Q18a"", ""cc_Q18b"", ""cc_Q18c""))"
"0","       rowSums(q_bin, na.rm=TRUE) + rowSums(q_val, na.rm=TRUE)"
"0","    },"
"0","    SPS = as.numeric(SVO_angle),"
"0","    stated_risk = as.numeric(stated_risk),"
"0","    stated_altruism = as.numeric(stated_altruism),"
"0","    stated_patience = as.numeric(stated_patience),"
"0","    risk_health_other = as.numeric(risk_health_other),"
"0","    risk_self = as.numeric(BRET_self),"
"0","    risk_else = as.numeric(BRET_other),"
"0","    pg = as.numeric(PG),"
"0","    altruist_cg = risk_self - risk_else,"
"0",""
"0","    # Variables d'Installation"
"0","    p1_s = case_when(study_parent1 == "">BAC3"" ~ 3, study_parent1 == ""BAC1-3"" ~ 2, TRUE ~ 1),"
"0","    p2_s = case_when(study_parent2 == "">BAC3"" ~ 3, study_parent2 == ""BAC1-3"" ~ 2, TRUE ~ 1),"
"0","    niveau_etude_parental = pmax(p1_s, p2_s),"
"0","    across(starts_with(""installation_"") & !contains(""other""), "
"0","           ~ case_when(as.numeric(.) <= 2 ~ 1, as.numeric(.) == 3 ~ 2, as.numeric(.) >= 4 ~ 3, TRUE ~ as.numeric(.)))"
"0","  )"
"0",""
"0","# --- 3. FILTRAGE (NETTOYAGE) ---"
"0","# On ne garde que les participants cohérents (Pas de 0/100 et pas d'extrêmes)"
"0","mean_diff <- mean(df_analyse$altruist_cg, na.rm = TRUE)"
"0","sd_diff <- sd(df_analyse$altruist_cg, na.rm = TRUE)"
"0","borne_inf <- mean_diff - 2 * sd_diff"
"0","borne_sup <- mean_diff + 2 * sd_diff"
"0",""
"0","df_final <- df_analyse %>%"
"0","  filter(risk_self > 0 & risk_self < 100) %>%        # Exclusion des stratégies absurdes"
"0","  filter(risk_else > 0 & risk_else < 100) %>%"
"0","  filter(altruist_cg > borne_inf & altruist_cg < borne_sup) # Exclusion des outliers statistiques"
"0",""
"0","# --- 4. PRODUCTION DES TABLEAUX FINAUX ---"
"0",""
"0","# Tableau 1"
"0","vars_cont <- c(""Score_JSE"", ""PT"", ""CC"", ""SPS"", ""stated_risk"", ""stated_altruism"", "
"0","               ""stated_patience"", ""risk_health_other"", ""risk_self"", ""risk_else"", "
"0","               ""altruist_cg"", ""pg"")"
"0","t1 <- df_final %>%"
"0","  select(all_of(vars_cont)) %>%"
"0","  pivot_longer(everything(), names_to = ""Variable"", values_to = ""Val"") %>%"
"0","  group_by(Variable) %>%"
"0","  summarise(Moyenne = mean(Val, na.rm = TRUE), `Écart-type` = sd(Val, na.rm = TRUE),"
"0","            Minimum = min(Val, na.rm = TRUE), Maximum = max(Val, na.rm = TRUE)) %>%"
"0","  slice(match(Variable, vars_cont)) %>% # Garder l'ordre"
"0","  flextable() %>% colformat_double(digits = 2) %>% autofit()"
"0",""
"0","# Tableau 2"
"0","vars_bin <- c(""CG_conform"", ""Homme"", ""un_sup_lic"", ""deux_supBAC"", ""mention_TB"", ""mention_TBB"")"
"0","t2 <- df_final %>%"
"0","  select(all_of(vars_bin)) %>%"
"0","  pivot_longer(everything(), names_to = ""Variable"", values_to = ""Val"") %>%"
"0","  group_by(Variable) %>%"
"0","  summarise(Proportion = mean(Val, na.rm = TRUE)*100, `Écart-type` = sd(Val, na.rm = TRUE)*100, N = sum(!is.na(Val))) %>%"
"0","  slice(match(Variable, vars_bin)) %>%"
"0","  flextable() %>% colformat_double(digits = 1) %>% autofit()"
"0",""
"0","# Tableau 3"
"0","vars_inst <- c(""niveau_etude_parental"", ""installation_reprise"", ""installation_proximite_famille"","
"0","               ""installation_proximite_etude"", ""installation_offre_soin"", ""installation_famille"","
"0","               ""installation_aides"")"
"0","t3 <- df_final %>%"
"0","  select(all_of(vars_inst)) %>%"
"0","  pivot_longer(everything(), names_to = ""Variable"", values_to = ""Val"") %>%"
"0","  group_by(Variable) %>%"
"0","  summarise(Moyenne = mean(Val, na.rm=TRUE), `Écart-type` = sd(Val, na.rm=TRUE),"
"0","            N_Tot = sum(!is.na(Val)),"
"0","            `N1(%)` = sum(Val==1,na.rm=TRUE)/N_Tot*100, `N2(%)` = sum(Val==2,na.rm=TRUE)/N_Tot*100, `N3(%)` = sum(Val==3,na.rm=TRUE)/N_Tot*100) %>%"
"0","  select(-N_Tot) %>% slice(match(Variable, vars_inst)) %>%"
"0","  flextable() %>% colformat_double(digits = 2) %>% autofit() %>%"
"0","  add_footer_lines(paste(""Population analysée (après nettoyage) : N ="", nrow(df_final)))"
"0",""
"0","# Export"
"0","doc <- read_docx() %>%"
"0","  body_add_par(""Tableau 1 (Données Nettoyées)"", style = ""heading 1"") %>% body_add_flextable(t1) %>%"
"0","  body_add_par(""Tableau 2"", style = ""heading 1"") %>% body_add_flextable(t2) %>%"
"0","  body_add_par(""Tableau 3"", style = ""heading 1"") %>% body_add_flextable(t3)"
"0","print(doc, target = ""Rapport_Final_Nettoye.docx"")"
